"","date","source","kW","TemperatureF","Temp_bin"
"1",2014-01-01,"kW_bills",0.000129076613961447,53.6811588834783,"(50.9,54]"
"2",2014-01-01,"kW_sim",0.000109120951194578,53.6811588834783,"(50.9,54]"
"3",2014-01-02,"kW_bills",0.000119720374437881,56.7499994325,"(54,57.1]"
"4",2014-01-02,"kW_sim",0.000115762350857507,56.7499994325,"(54,57.1]"
"5",2014-01-03,"kW_bills",0.000117723609850756,56.1388883275,"(54,57.1]"
"6",2014-01-03,"kW_sim",0.00010315447241209,56.1388883275,"(54,57.1]"
"7",2014-01-04,"kW_bills",0.00011985836020003,57.4722216475,"(57.1,60.1]"
"8",2014-01-04,"kW_sim",0.000101612409640436,57.4722216475,"(57.1,60.1]"
"9",2014-01-05,"kW_bills",0.000123006924692703,57.73611053375,"(57.1,60.1]"
"10",2014-01-05,"kW_sim",0.000106725410339141,57.73611053375,"(57.1,60.1]"
"11",2014-01-06,"kW_bills",0.000116230690989984,57.73611053375,"(57.1,60.1]"
"12",2014-01-06,"kW_sim",0.000104046294238956,57.73611053375,"(57.1,60.1]"
"13",2014-01-07,"kW_bills",0.000117299876278899,55.3611105575,"(54,57.1]"
"14",2014-01-07,"kW_sim",0.000103277495417924,55.3611105575,"(54,57.1]"
"15",2014-01-08,"kW_bills",0.000114594114119556,54.6944438975,"(54,57.1]"
"16",2014-01-08,"kW_sim",0.000102192814758131,54.6944438975,"(54,57.1]"
"17",2014-01-09,"kW_bills",0.000115435058178636,56.6388883225,"(54,57.1]"
"18",2014-01-09,"kW_sim",9.97464925391658e-05,56.6388883225,"(54,57.1]"
"19",2014-01-10,"kW_bills",0.000115611064682164,55.62499944375,"(54,57.1]"
"20",2014-01-10,"kW_sim",0.000104127377319041,55.62499944375,"(54,57.1]"
"21",2014-01-11,"kW_bills",0.000122508133939863,56.48611054625,"(54,57.1]"
"22",2014-01-11,"kW_sim",0.000104105390331973,56.48611054625,"(54,57.1]"
"23",2014-01-12,"kW_bills",0.000122307353061195,55.18055500375,"(54,57.1]"
"24",2014-01-12,"kW_sim",0.000106811897975151,55.18055500375,"(54,57.1]"
"25",2014-01-13,"kW_bills",0.000115856472802248,59.37499940625,"(57.1,60.1]"
"26",2014-01-13,"kW_sim",0.000107842248218296,59.37499940625,"(57.1,60.1]"
"27",2014-01-14,"kW_bills",0.000110260483658016,61.9166660475,"(60.1,63.2]"
"28",2014-01-14,"kW_sim",0.000109707798601724,61.9166660475,"(60.1,63.2]"
"29",2014-01-15,"kW_bills",0.000108974551782008,63.18055492375,"(60.1,63.2]"
"30",2014-01-15,"kW_sim",0.000108939215734365,63.18055492375,"(60.1,63.2]"
"31",2014-01-16,"kW_bills",0.000108339210011977,62.8611104825,"(60.1,63.2]"
"32",2014-01-16,"kW_sim",0.000109307819787818,62.8611104825,"(60.1,63.2]"
"33",2014-01-17,"kW_bills",0.000108733180967503,62.55555493,"(60.1,63.2]"
"34",2014-01-17,"kW_sim",0.000107524848595669,62.55555493,"(60.1,63.2]"
"35",2014-01-18,"kW_bills",0.000113073434612161,59.77777718,"(57.1,60.1]"
"36",2014-01-18,"kW_sim",0.000106433164414397,59.77777718,"(57.1,60.1]"
"37",2014-01-19,"kW_bills",0.000115339747737437,59.4166660725,"(57.1,60.1]"
"38",2014-01-19,"kW_sim",0.000105875466804303,59.4166660725,"(57.1,60.1]"
"39",2014-01-20,"kW_bills",0.000114506361114006,58.944443855,"(57.1,60.1]"
"40",2014-01-20,"kW_sim",0.000107792916910333,58.944443855,"(57.1,60.1]"
"41",2014-01-21,"kW_bills",0.000111911090999484,60.499999395,"(60.1,63.2]"
"42",2014-01-21,"kW_sim",0.00010521362081751,60.499999395,"(60.1,63.2]"
"43",2014-01-22,"kW_bills",0.000109894690426136,59.6944438475,"(57.1,60.1]"
"44",2014-01-22,"kW_sim",0.000101704414471297,59.6944438475,"(57.1,60.1]"
"45",2014-01-23,"kW_bills",0.00011126480512838,54.388888345,"(54,57.1]"
"46",2014-01-23,"kW_sim",0.000103703552351644,54.388888345,"(54,57.1]"
"47",2014-01-24,"kW_bills",0.000112057968843754,59.833332735,"(57.1,60.1]"
"48",2014-01-24,"kW_sim",0.000100758618581119,59.833332735,"(57.1,60.1]"
"49",2014-01-25,"kW_bills",0.000110671437989901,63.87499936125,"(63.2,66.3]"
"50",2014-01-25,"kW_sim",0.000104484480542458,63.87499936125,"(63.2,66.3]"
"51",2014-01-26,"kW_bills",0.000115652355307399,59.5277771825,"(57.1,60.1]"
"52",2014-01-26,"kW_sim",0.000104788092097118,59.5277771825,"(57.1,60.1]"
"53",2014-01-27,"kW_bills",0.000108472808123849,60.26388828625,"(60.1,63.2]"
"54",2014-01-27,"kW_sim",9.96368663566025e-05,60.26388828625,"(60.1,63.2]"
"55",2014-01-28,"kW_bills",0.000106914708465989,56.54166610125,"(54,57.1]"
"56",2014-01-28,"kW_sim",0.000101854745429729,56.54166610125,"(54,57.1]"
"57",2014-01-29,"kW_bills",0.00010939875248013,57.98611053125,"(57.1,60.1]"
"58",2014-01-29,"kW_sim",0.000103271038361114,57.98611053125,"(57.1,60.1]"
"59",2014-01-30,"kW_bills",0.000113380103005321,57.6388883125,"(57.1,60.1]"
"60",2014-01-30,"kW_sim",0.000100922241217567,57.6388883125,"(57.1,60.1]"
"61",2014-01-31,"kW_bills",0.000111765364287795,56.9166660975,"(54,57.1]"
"62",2014-01-31,"kW_sim",0.000100230369557821,56.9166660975,"(54,57.1]"
"63",2014-02-01,"kW_bills",0.000117544099900239,52.944443915,"(50.9,54]"
"64",2014-02-01,"kW_sim",0.000104126599559433,52.944443915,"(50.9,54]"
"65",2014-02-02,"kW_bills",0.000127066785796624,51.79166614875,"(50.9,54]"
"66",2014-02-02,"kW_sim",0.000106669436049956,51.79166614875,"(50.9,54]"
"67",2014-02-03,"kW_bills",0.000116818953105707,53.12499946875,"(50.9,54]"
"68",2014-02-03,"kW_sim",9.96979409732307e-05,53.12499946875,"(50.9,54]"
"69",2014-02-04,"kW_bills",0.000116380121345633,53.4722216875,"(50.9,54]"
"70",2014-02-04,"kW_sim",0.00010155124989743,53.4722216875,"(50.9,54]"
"71",2014-02-05,"kW_bills",0.000113657442542254,54.8611105625,"(54,57.1]"
"72",2014-02-05,"kW_sim",0.000100398262476066,54.8611105625,"(54,57.1]"
"73",2014-02-06,"kW_bills",0.000118219948190703,54.7499994525,"(54,57.1]"
"74",2014-02-06,"kW_sim",9.89855236628252e-05,54.7499994525,"(54,57.1]"
"75",2014-02-07,"kW_bills",0.000113139299415567,56.87499943125,"(54,57.1]"
"76",2014-02-07,"kW_sim",9.79197993250126e-05,56.87499943125,"(54,57.1]"
"77",2014-02-08,"kW_bills",0.000116138033158649,56.055554995,"(54,57.1]"
"78",2014-02-08,"kW_sim",0.000100637894038394,56.055554995,"(54,57.1]"
"79",2014-02-09,"kW_bills",0.000119103117127549,58.611110525,"(57.1,60.1]"
"80",2014-02-09,"kW_sim",0.000102160292248688,58.611110525,"(57.1,60.1]"
"81",2014-02-10,"kW_bills",0.000111283623643639,57.51388831375,"(57.1,60.1]"
"82",2014-02-10,"kW_sim",9.82141543083029e-05,57.51388831375,"(57.1,60.1]"
"83",2014-02-11,"kW_bills",0.000109550351636296,58.33333275,"(57.1,60.1]"
"84",2014-02-11,"kW_sim",0.000101225924472955,58.33333275,"(57.1,60.1]"
"85",2014-02-12,"kW_bills",0.000107519636979534,62.73611048375,"(60.1,63.2]"
"86",2014-02-12,"kW_sim",0.000106412746276192,62.73611048375,"(60.1,63.2]"
"87",2014-02-13,"kW_bills",0.000105006130644517,63.8611104725,"(63.2,66.3]"
"88",2014-02-13,"kW_sim",0.000108395151094693,63.8611104725,"(63.2,66.3]"
"89",2014-02-14,"kW_bills",0.000107977137107138,62.68055492875,"(60.1,63.2]"
"90",2014-02-14,"kW_sim",0.000106731328458735,62.68055492875,"(60.1,63.2]"
"91",2014-02-15,"kW_bills",0.000109769233657745,62.4722215975,"(60.1,63.2]"
"92",2014-02-15,"kW_sim",0.000111089925106477,62.4722215975,"(60.1,63.2]"
"93",2014-02-16,"kW_bills",0.000110359898137117,60.6944438375,"(60.1,63.2]"
"94",2014-02-16,"kW_sim",0.000106509783313635,60.6944438375,"(60.1,63.2]"
"95",2014-02-17,"kW_bills",0.000114029375147907,57.87499942125,"(57.1,60.1]"
"96",2014-02-17,"kW_sim",0.000106179819524949,57.87499942125,"(57.1,60.1]"
"97",2014-02-18,"kW_bills",0.000107430515961349,58.48611052625,"(57.1,60.1]"
"98",2014-02-18,"kW_sim",9.91695915320916e-05,58.48611052625,"(57.1,60.1]"
"99",2014-02-19,"kW_bills",0.000106948608486384,58.0833327525,"(57.1,60.1]"
"100",2014-02-19,"kW_sim",9.82289948611516e-05,58.0833327525,"(57.1,60.1]"
"101",2014-02-20,"kW_bills",0.000106204126001085,61.18055494375,"(60.1,63.2]"
"102",2014-02-20,"kW_sim",0.000109186646981263,61.18055494375,"(60.1,63.2]"
"103",2014-02-21,"kW_bills",0.00010481294056766,61.95833271375,"(60.1,63.2]"
"104",2014-02-21,"kW_sim",0.000103322697260462,61.95833271375,"(60.1,63.2]"
"105",2014-02-22,"kW_bills",0.000109614097688427,59.23611051875,"(57.1,60.1]"
"106",2014-02-22,"kW_sim",0.000106323161876772,59.23611051875,"(57.1,60.1]"
"107",2014-02-23,"kW_bills",0.00011272000354323,57.95833275375,"(57.1,60.1]"
"108",2014-02-23,"kW_sim",0.00010622738349407,57.95833275375,"(57.1,60.1]"
"109",2014-02-24,"kW_bills",0.000106368170735605,58.15277719625,"(57.1,60.1]"
"110",2014-02-24,"kW_sim",0.000102541324023407,58.15277719625,"(57.1,60.1]"
"111",2014-02-25,"kW_bills",0.000104344596437468,61.22222161,"(60.1,63.2]"
"112",2014-02-25,"kW_sim",9.92372896789529e-05,61.22222161,"(60.1,63.2]"
"113",2014-02-26,"kW_bills",0.000103805249114953,59.95833273375,"(57.1,60.1]"
"114",2014-02-26,"kW_sim",0.000101258595569026,59.95833273375,"(57.1,60.1]"
"115",2014-02-27,"kW_bills",0.000108219392124931,60.166666065,"(60.1,63.2]"
"116",2014-02-27,"kW_sim",9.97982865706288e-05,60.166666065,"(60.1,63.2]"
"117",2014-02-28,"kW_bills",0.000113855654226463,61.04166605625,"(60.1,63.2]"
"118",2014-02-28,"kW_sim",9.88443261777535e-05,61.04166605625,"(60.1,63.2]"
"119",2014-03-01,"kW_bills",0.000115853052770663,58.48611052625,"(57.1,60.1]"
"120",2014-03-01,"kW_sim",0.00010181856664068,58.48611052625,"(57.1,60.1]"
"121",2014-03-02,"kW_bills",0.000119814400281851,57.166666095,"(57.1,60.1]"
"122",2014-03-02,"kW_sim",0.000103160763427263,57.166666095,"(57.1,60.1]"
"123",2014-03-03,"kW_bills",0.000109453723231706,57.15277720625,"(57.1,60.1]"
"124",2014-03-03,"kW_sim",0.000103775954389484,57.15277720625,"(57.1,60.1]"
"125",2014-03-04,"kW_bills",0.000107152175439563,59.22222163,"(57.1,60.1]"
"126",2014-03-04,"kW_sim",0.000114095898524584,59.22222163,"(57.1,60.1]"
"127",2014-03-05,"kW_bills",0.000106164086606917,59.29166607375,"(57.1,60.1]"
"128",2014-03-05,"kW_sim",0.000101763411210586,59.29166607375,"(57.1,60.1]"
"129",2014-03-06,"kW_bills",0.00010350166709176,61.6944438275,"(60.1,63.2]"
"130",2014-03-06,"kW_sim",0.000105565498841941,61.6944438275,"(60.1,63.2]"
"131",2014-03-07,"kW_bills",0.000103599863705956,61.1111105,"(60.1,63.2]"
"132",2014-03-07,"kW_sim",0.000100287420180375,61.1111105,"(60.1,63.2]"
"133",2014-03-08,"kW_bills",0.000105362681449577,65.62499934375,"(63.2,66.3]"
"134",2014-03-08,"kW_sim",0.000111414990443298,65.62499934375,"(63.2,66.3]"
"135",2014-03-09,"kW_bills",0.000107391394136632,68.0277770975,"(66.3,69.4]"
"136",2014-03-09,"kW_sim",0.000112108890590621,68.0277770975,"(66.3,69.4]"
"137",2014-03-10,"kW_bills",0.000102334952511886,64.62499935375,"(63.2,66.3]"
"138",2014-03-10,"kW_sim",0.000106631909044465,64.62499935375,"(63.2,66.3]"
"139",2014-03-11,"kW_bills",0.000100379812211614,60.18055495375,"(60.1,63.2]"
"140",2014-03-11,"kW_sim",0.000106111172277225,60.18055495375,"(60.1,63.2]"
"141",2014-03-12,"kW_bills",0.00010196665681787,60.6388882825,"(60.1,63.2]"
"142",2014-03-12,"kW_sim",0.000104553271873208,60.6388882825,"(60.1,63.2]"
"143",2014-03-13,"kW_bills",0.000102132937085231,60.44444384,"(60.1,63.2]"
"144",2014-03-13,"kW_sim",0.000101767252583433,60.44444384,"(60.1,63.2]"
"145",2014-03-14,"kW_bills",9.94251395900172e-05,60.3611105075,"(60.1,63.2]"
"146",2014-03-14,"kW_sim",0.000104484851123039,60.3611105075,"(60.1,63.2]"
"147",2014-03-15,"kW_bills",0.0001051247807159,63.7499993625,"(63.2,66.3]"
"148",2014-03-15,"kW_sim",0.000112128241438222,63.7499993625,"(63.2,66.3]"
"149",2014-03-16,"kW_bills",0.000108224230218393,69.48611041625,"(69.4,72.4]"
"150",2014-03-16,"kW_sim",0.000119915293915053,69.48611041625,"(69.4,72.4]"
"151",2014-03-17,"kW_bills",0.000102863989690403,62.33333271,"(60.1,63.2]"
"152",2014-03-17,"kW_sim",0.000103126719093282,62.33333271,"(60.1,63.2]"
"153",2014-03-18,"kW_bills",0.000101549279499837,62.06944382375,"(60.1,63.2]"
"154",2014-03-18,"kW_sim",0.000101883066341228,62.06944382375,"(60.1,63.2]"
"155",2014-03-19,"kW_bills",0.000100202988237122,62.29166604375,"(60.1,63.2]"
"156",2014-03-19,"kW_sim",0.000104285410258526,62.29166604375,"(60.1,63.2]"
"157",2014-03-20,"kW_bills",9.92798800045943e-05,61.0277771675,"(60.1,63.2]"
"158",2014-03-20,"kW_sim",0.000106190031664798,61.0277771675,"(60.1,63.2]"
"159",2014-03-21,"kW_bills",9.91547068485787e-05,61.95833271375,"(60.1,63.2]"
"160",2014-03-21,"kW_sim",9.96925332393438e-05,61.95833271375,"(60.1,63.2]"
"161",2014-03-22,"kW_bills",0.000103054310277345,60.9166660575,"(60.1,63.2]"
"162",2014-03-22,"kW_sim",0.000104993052995211,60.9166660575,"(60.1,63.2]"
"163",2014-03-23,"kW_bills",0.000107242898033514,61.611110495,"(60.1,63.2]"
"164",2014-03-23,"kW_sim",0.000104164086684204,61.611110495,"(60.1,63.2]"
"165",2014-03-24,"kW_bills",0.00010326907157781,62.65277715125,"(60.1,63.2]"
"166",2014-03-24,"kW_sim",0.000101593900779346,62.65277715125,"(60.1,63.2]"
"167",2014-03-25,"kW_bills",0.00010269916085108,60.4166660625,"(60.1,63.2]"
"168",2014-03-25,"kW_sim",9.95635613105544e-05,60.4166660625,"(60.1,63.2]"
"169",2014-03-26,"kW_bills",0.000101879204107776,59.87499940125,"(57.1,60.1]"
"170",2014-03-26,"kW_sim",0.00010124745718186,59.87499940125,"(57.1,60.1]"
"171",2014-03-27,"kW_bills",0.00010182496741176,59.22222163,"(57.1,60.1]"
"172",2014-03-27,"kW_sim",0.000102941623838,59.22222163,"(57.1,60.1]"
"173",2014-03-28,"kW_bills",0.000101344694878723,59.833332735,"(57.1,60.1]"
"174",2014-03-28,"kW_sim",0.000104368019373276,59.833332735,"(57.1,60.1]"
"175",2014-03-29,"kW_bills",0.000102889297924133,61.81944382625,"(60.1,63.2]"
"176",2014-03-29,"kW_sim",0.000109453211908477,61.81944382625,"(60.1,63.2]"
"177",2014-03-30,"kW_bills",0.000105888448744237,61.59722160625,"(60.1,63.2]"
"178",2014-03-30,"kW_sim",0.000106173411163399,61.59722160625,"(60.1,63.2]"
"179",2014-03-31,"kW_bills",0.000104175997221862,57.90277719875,"(57.1,60.1]"
"180",2014-03-31,"kW_sim",0.000103592909044368,57.90277719875,"(57.1,60.1]"
"181",2014-04-01,"kW_bills",0.000102575856200126,57.54166609125,"(57.1,60.1]"
"182",2014-04-01,"kW_sim",9.21170077676405e-05,57.54166609125,"(57.1,60.1]"
"183",2014-04-02,"kW_bills",0.000102151054911091,56.44444388,"(54,57.1]"
"184",2014-04-02,"kW_sim",9.19004794993913e-05,56.44444388,"(54,57.1]"
"185",2014-04-03,"kW_bills",0.000101512059546343,56.11111055,"(54,57.1]"
"186",2014-04-03,"kW_sim",9.50549881103006e-05,56.11111055,"(54,57.1]"
"187",2014-04-04,"kW_bills",0.000101366666496272,55.26388833625,"(54,57.1]"
"188",2014-04-04,"kW_sim",9.21872190270457e-05,55.26388833625,"(54,57.1]"
"189",2014-04-05,"kW_bills",0.00010402226263134,57.5277772025,"(57.1,60.1]"
"190",2014-04-05,"kW_sim",9.47740161558472e-05,57.5277772025,"(57.1,60.1]"
"191",2014-04-06,"kW_bills",0.000105264768447757,62.166666045,"(60.1,63.2]"
"192",2014-04-06,"kW_sim",0.000104539363919408,62.166666045,"(60.1,63.2]"
"193",2014-04-07,"kW_bills",0.000100650244953052,68.26388820625,"(66.3,69.4]"
"194",2014-04-07,"kW_sim",0.000107292175100861,68.26388820625,"(66.3,69.4]"
"195",2014-04-08,"kW_bills",0.000102115052822503,71.277777065,"(69.4,72.4]"
"196",2014-04-08,"kW_sim",0.000115333796235023,71.277777065,"(69.4,72.4]"
"197",2014-04-09,"kW_bills",0.000103681527386976,68.73611042375,"(66.3,69.4]"
"198",2014-04-09,"kW_sim",0.000111404360471852,68.73611042375,"(66.3,69.4]"
"199",2014-04-10,"kW_bills",0.000101483498111836,65.40277712375,"(63.2,66.3]"
"200",2014-04-10,"kW_sim",0.000104340227087717,65.40277712375,"(63.2,66.3]"
"201",2014-04-11,"kW_bills",0.000100861703003499,65.4166660125,"(63.2,66.3]"
"202",2014-04-11,"kW_sim",0.000103521452673429,65.4166660125,"(63.2,66.3]"
"203",2014-04-12,"kW_bills",0.000102220356429163,61.29166605375,"(60.1,63.2]"
"204",2014-04-12,"kW_sim",9.9269938468216e-05,61.29166605375,"(60.1,63.2]"
"205",2014-04-13,"kW_bills",0.000104531163331207,60.44444384,"(60.1,63.2]"
"206",2014-04-13,"kW_sim",9.9618642071333e-05,60.44444384,"(60.1,63.2]"
"207",2014-04-14,"kW_bills",0.000101250435471621,65.277777125,"(63.2,66.3]"
"208",2014-04-14,"kW_sim",0.000101734874327511,65.277777125,"(63.2,66.3]"
"209",2014-04-15,"kW_bills",0.000101429528345115,62.18055493375,"(60.1,63.2]"
"210",2014-04-15,"kW_sim",9.60573470345346e-05,62.18055493375,"(60.1,63.2]"
"211",2014-04-16,"kW_bills",0.000100801460398358,61.277777165,"(60.1,63.2]"
"212",2014-04-16,"kW_sim",9.60855772413211e-05,61.277777165,"(60.1,63.2]"
"213",2014-04-17,"kW_bills",0.000101221023199989,61.833332715,"(60.1,63.2]"
"214",2014-04-17,"kW_sim",9.74798733796793e-05,61.833332715,"(60.1,63.2]"
"215",2014-04-18,"kW_bills",0.000101112349610986,63.8055549175,"(63.2,66.3]"
"216",2014-04-18,"kW_sim",9.91406312987119e-05,63.8055549175,"(63.2,66.3]"
"217",2014-04-19,"kW_bills",0.000103466332326408,64.26388824625,"(63.2,66.3]"
"218",2014-04-19,"kW_sim",0.000104770880011138,64.26388824625,"(63.2,66.3]"
"219",2014-04-20,"kW_bills",0.000103597978517814,63.84722158375,"(63.2,66.3]"
"220",2014-04-20,"kW_sim",0.000106854143492577,63.84722158375,"(63.2,66.3]"
"221",2014-04-21,"kW_bills",0.000103887796999262,64.31944380125,"(63.2,66.3]"
"222",2014-04-21,"kW_sim",0.00010481051128374,64.31944380125,"(63.2,66.3]"
"223",2014-04-22,"kW_bills",0.000102525923738983,62.90277714875,"(60.1,63.2]"
"224",2014-04-22,"kW_sim",0.000100881869546961,62.90277714875,"(60.1,63.2]"
"225",2014-04-23,"kW_bills",9.94360836910896e-05,62.33333271,"(60.1,63.2]"
"226",2014-04-23,"kW_sim",0.000100706784791054,62.33333271,"(60.1,63.2]"
"227",2014-04-24,"kW_bills",9.88165407986737e-05,63.12499936875,"(60.1,63.2]"
"228",2014-04-24,"kW_sim",0.000101552763521496,63.12499936875,"(60.1,63.2]"
"229",2014-04-25,"kW_bills",9.92686522911466e-05,61.166666055,"(60.1,63.2]"
"230",2014-04-25,"kW_sim",9.68901494279752e-05,61.166666055,"(60.1,63.2]"
"231",2014-04-26,"kW_bills",0.000104723452521696,58.7499994125,"(57.1,60.1]"
"232",2014-04-26,"kW_sim",9.66867775617022e-05,58.7499994125,"(57.1,60.1]"
"233",2014-04-27,"kW_bills",0.00010577120005165,60.44444384,"(60.1,63.2]"
"234",2014-04-27,"kW_sim",0.00010227964202508,60.44444384,"(60.1,63.2]"
"235",2014-04-28,"kW_bills",0.000101003959634359,63.18055492375,"(60.1,63.2]"
"236",2014-04-28,"kW_sim",0.000102967125070583,63.18055492375,"(60.1,63.2]"
"237",2014-04-29,"kW_bills",0.000102956947817195,74.48611036625,"(72.4,75.5]"
"238",2014-04-29,"kW_sim",0.000124169054419708,74.48611036625,"(72.4,75.5]"
"239",2014-04-30,"kW_bills",0.000109440410133145,80.23611030875,"(78.6,81.6]"
"240",2014-04-30,"kW_sim",0.000132529144903387,80.23611030875,"(78.6,81.6]"
"241",2014-05-01,"kW_bills",0.000112783249102934,78.15277699625,"(75.5,78.6]"
"242",2014-05-01,"kW_sim",0.00012925352454099,78.15277699625,"(75.5,78.6]"
"243",2014-05-02,"kW_bills",0.000112395617718151,76.26388812625,"(75.5,78.6]"
"244",2014-05-02,"kW_sim",0.000123674391285933,76.26388812625,"(75.5,78.6]"
"245",2014-05-03,"kW_bills",0.000118206685141385,74.56944369875,"(72.4,75.5]"
"246",2014-05-03,"kW_sim",0.000122409774554285,74.56944369875,"(72.4,75.5]"
"247",2014-05-04,"kW_bills",0.000115298557210688,67.44444377,"(66.3,69.4]"
"248",2014-05-04,"kW_sim",0.000111297605406032,67.44444377,"(66.3,69.4]"
"249",2014-05-05,"kW_bills",0.000102768362270666,62.277777155,"(60.1,63.2]"
"250",2014-05-05,"kW_sim",9.90769150844691e-05,62.277777155,"(60.1,63.2]"
"251",2014-05-06,"kW_bills",0.000100084538362711,60.5277771725,"(60.1,63.2]"
"252",2014-05-06,"kW_sim",9.62641629210768e-05,60.5277771725,"(60.1,63.2]"
"253",2014-05-07,"kW_bills",9.78623353033424e-05,59.9999994,"(57.1,60.1]"
"254",2014-05-07,"kW_sim",9.71982143149443e-05,59.9999994,"(57.1,60.1]"
"255",2014-05-08,"kW_bills",9.70175541356543e-05,61.79166604875,"(60.1,63.2]"
"256",2014-05-08,"kW_sim",0.000100023181417791,61.79166604875,"(60.1,63.2]"
"257",2014-05-09,"kW_bills",9.83107932010975e-05,62.611110485,"(60.1,63.2]"
"258",2014-05-09,"kW_sim",0.000104359078021979,62.611110485,"(60.1,63.2]"
"259",2014-05-10,"kW_bills",0.00010203500740033,64.11111047,"(63.2,66.3]"
"260",2014-05-10,"kW_sim",0.000106964376647356,64.11111047,"(63.2,66.3]"
"261",2014-05-11,"kW_bills",0.000102635264651222,65.5277771225,"(63.2,66.3]"
"262",2014-05-11,"kW_sim",0.000109280786005784,65.5277771225,"(63.2,66.3]"
"263",2014-05-12,"kW_bills",0.000104486569455953,73.04166593625,"(72.4,75.5]"
"264",2014-05-12,"kW_sim",0.000121686253357741,73.04166593625,"(72.4,75.5]"
"265",2014-05-13,"kW_bills",0.000116479402360087,79.09722143125,"(78.6,81.6]"
"266",2014-05-13,"kW_sim",0.000130210010197367,79.09722143125,"(78.6,81.6]"
"267",2014-05-14,"kW_bills",0.000130173475756229,80.166665865,"(78.6,81.6]"
"268",2014-05-14,"kW_sim",0.000131217678224012,80.166665865,"(78.6,81.6]"
"269",2014-05-15,"kW_bills",0.000141064608046768,82.06944362375,"(81.6,84.7]"
"270",2014-05-15,"kW_sim",0.00013349745079174,82.06944362375,"(81.6,84.7]"
"271",2014-05-16,"kW_bills",0.000135222977219319,78.8888881,"(78.6,81.6]"
"272",2014-05-16,"kW_sim",0.000126340018088412,78.8888881,"(78.6,81.6]"
"273",2014-05-17,"kW_bills",0.000122496322318584,68.06944376375,"(66.3,69.4]"
"274",2014-05-17,"kW_sim",0.000113351297762903,68.06944376375,"(66.3,69.4]"
"275",2014-05-18,"kW_bills",0.000113737421232103,66.34722155875,"(66.3,69.4]"
"276",2014-05-18,"kW_sim",0.00010958272951753,66.34722155875,"(66.3,69.4]"
"277",2014-05-19,"kW_bills",0.000103489354978054,64.76388824125,"(63.2,66.3]"
"278",2014-05-19,"kW_sim",0.000101429689434297,64.76388824125,"(63.2,66.3]"
"279",2014-05-20,"kW_bills",9.97763518091884e-05,63.3333327,"(63.2,66.3]"
"280",2014-05-20,"kW_sim",0.000101152107532929,63.3333327,"(63.2,66.3]"
"281",2014-05-21,"kW_bills",9.79571619351954e-05,63.277777145,"(63.2,66.3]"
"282",2014-05-21,"kW_sim",0.000104317230957534,63.277777145,"(63.2,66.3]"
"283",2014-05-22,"kW_bills",9.87044972273288e-05,63.1944438125,"(60.1,63.2]"
"284",2014-05-22,"kW_sim",0.00010036864192385,63.1944438125,"(60.1,63.2]"
"285",2014-05-23,"kW_bills",9.81964473645879e-05,65.01388823875,"(63.2,66.3]"
"286",2014-05-23,"kW_sim",0.000101603331262369,65.01388823875,"(63.2,66.3]"
"287",2014-05-24,"kW_bills",0.000104075348194774,64.23611046875,"(63.2,66.3]"
"288",2014-05-24,"kW_sim",0.000104819754916244,64.23611046875,"(63.2,66.3]"
"289",2014-05-25,"kW_bills",0.000102945653371423,67.388888215,"(66.3,69.4]"
"290",2014-05-25,"kW_sim",0.000111685223713152,67.388888215,"(66.3,69.4]"
"291",2014-05-26,"kW_bills",0.00011036937412707,68.26388820625,"(66.3,69.4]"
"292",2014-05-26,"kW_sim",0.000123113626610088,68.26388820625,"(66.3,69.4]"
"293",2014-05-27,"kW_bills",0.000105035943310091,69.166665975,"(66.3,69.4]"
"294",2014-05-27,"kW_sim",0.000108610814763605,69.166665975,"(66.3,69.4]"
"295",2014-05-28,"kW_bills",0.000103676672610433,68.0833326525,"(66.3,69.4]"
"296",2014-05-28,"kW_sim",0.000109640474224878,68.0833326525,"(66.3,69.4]"
"297",2014-05-29,"kW_bills",0.000102824283957853,67.8055548775,"(66.3,69.4]"
"298",2014-05-29,"kW_sim",0.000106799141771631,67.8055548775,"(66.3,69.4]"
"299",2014-05-30,"kW_bills",0.000102225628282728,67.3611104375,"(66.3,69.4]"
"300",2014-05-30,"kW_sim",0.000111311275072402,67.3611104375,"(66.3,69.4]"
"301",2014-05-31,"kW_bills",0.00010720145726055,67.70833265625,"(66.3,69.4]"
"302",2014-05-31,"kW_sim",0.000115579974674103,67.70833265625,"(66.3,69.4]"
"303",2014-06-01,"kW_bills",0.000110092768645698,67.88888821,"(66.3,69.4]"
"304",2014-06-01,"kW_sim",0.000119955530719569,67.88888821,"(66.3,69.4]"
"305",2014-06-02,"kW_bills",0.000104185473211815,67.44444377,"(66.3,69.4]"
"306",2014-06-02,"kW_sim",0.000115107047526898,67.44444377,"(66.3,69.4]"
"307",2014-06-03,"kW_bills",0.00010289533719942,69.06944375375,"(66.3,69.4]"
"308",2014-06-03,"kW_sim",0.000120258298378519,69.06944375375,"(66.3,69.4]"
"309",2014-06-04,"kW_bills",0.000102876151656381,68.43055487125,"(66.3,69.4]"
"310",2014-06-04,"kW_sim",0.000118600989581154,68.43055487125,"(66.3,69.4]"
"311",2014-06-05,"kW_bills",0.000103417634413252,67.499999325,"(66.3,69.4]"
"312",2014-06-05,"kW_sim",0.000117365897743579,67.499999325,"(66.3,69.4]"
"313",2014-06-06,"kW_bills",0.000102372072366895,66.1944437825,"(63.2,66.3]"
"314",2014-06-06,"kW_sim",0.00011483182348177,66.1944437825,"(63.2,66.3]"
"315",2014-06-07,"kW_bills",0.000103309094288896,66.33333267,"(66.3,69.4]"
"316",2014-06-07,"kW_sim",0.000118854964234195,66.33333267,"(66.3,69.4]"
"317",2014-06-08,"kW_bills",0.000107327314422883,67.73611043375,"(66.3,69.4]"
"318",2014-06-08,"kW_sim",0.000122333336307875,67.73611043375,"(66.3,69.4]"
"319",2014-06-09,"kW_bills",0.000104166321034938,67.40277710375,"(66.3,69.4]"
"320",2014-06-09,"kW_sim",0.000115823775444102,67.40277710375,"(66.3,69.4]"
"321",2014-06-10,"kW_bills",0.000102241877603528,66.88888822,"(66.3,69.4]"
"322",2014-06-10,"kW_sim",0.000116944497034018,66.88888822,"(66.3,69.4]"
"323",2014-06-11,"kW_bills",0.000102146867457785,68.77777709,"(66.3,69.4]"
"324",2014-06-11,"kW_sim",0.000117893055454075,68.77777709,"(66.3,69.4]"
"325",2014-06-12,"kW_bills",0.000103295580993365,68.22222154,"(66.3,69.4]"
"326",2014-06-12,"kW_sim",0.000116631141431122,68.22222154,"(66.3,69.4]"
"327",2014-06-13,"kW_bills",0.00010145418593869,67.31944377125,"(66.3,69.4]"
"328",2014-06-13,"kW_sim",0.000118020108467093,67.31944377125,"(66.3,69.4]"
"329",2014-06-14,"kW_bills",0.000103871047186035,67.90277709875,"(66.3,69.4]"
"330",2014-06-14,"kW_sim",0.000119889587011279,67.90277709875,"(66.3,69.4]"
"331",2014-06-15,"kW_bills",0.000106497748224979,67.22222155,"(66.3,69.4]"
"332",2014-06-15,"kW_sim",0.000119968528506197,67.22222155,"(66.3,69.4]"
"333",2014-06-16,"kW_bills",0.000103945754022319,67.18055488375,"(66.3,69.4]"
"334",2014-06-16,"kW_sim",0.000117786461124071,67.18055488375,"(66.3,69.4]"
"335",2014-06-17,"kW_bills",0.000103824568122639,67.56944376875,"(66.3,69.4]"
"336",2014-06-17,"kW_sim",0.000116581245378813,67.56944376875,"(66.3,69.4]"
"337",2014-06-18,"kW_bills",0.000102458841070672,66.2499993375,"(63.2,66.3]"
"338",2014-06-18,"kW_sim",0.000114758937183599,66.2499993375,"(63.2,66.3]"
"339",2014-06-19,"kW_bills",0.000101573937093412,66.7499993325,"(66.3,69.4]"
"340",2014-06-19,"kW_sim",0.000117386790692552,66.7499993325,"(66.3,69.4]"
"341",2014-06-20,"kW_bills",0.000104056296116382,68.65277709125,"(66.3,69.4]"
"342",2014-06-20,"kW_sim",0.000120664706397496,68.65277709125,"(66.3,69.4]"
"343",2014-06-21,"kW_bills",0.000110141917002038,68.65277709125,"(66.3,69.4]"
"344",2014-06-21,"kW_sim",0.000122730021847942,68.65277709125,"(66.3,69.4]"
"345",2014-06-22,"kW_bills",0.000111443681121823,68.3055548725,"(66.3,69.4]"
"346",2014-06-22,"kW_sim",0.000122473713324746,68.3055548725,"(66.3,69.4]"
"347",2014-06-23,"kW_bills",0.000104898908483553,67.0277771075,"(66.3,69.4]"
"348",2014-06-23,"kW_sim",0.000118155080068255,67.0277771075,"(66.3,69.4]"
"349",2014-06-24,"kW_bills",0.000105070527336803,68.04166598625,"(66.3,69.4]"
"350",2014-06-24,"kW_sim",0.000113930483431066,68.04166598625,"(66.3,69.4]"
"351",2014-06-25,"kW_bills",0.00010551478109817,68.76388820125,"(66.3,69.4]"
"352",2014-06-25,"kW_sim",0.000113921214416636,68.76388820125,"(66.3,69.4]"
"353",2014-06-26,"kW_bills",0.000106779341947541,69.77777708,"(69.4,72.4]"
"354",2014-06-26,"kW_sim",0.000121254718828632,69.77777708,"(69.4,72.4]"
"355",2014-06-27,"kW_bills",0.000106505055414414,68.611110425,"(66.3,69.4]"
"356",2014-06-27,"kW_sim",0.000115005723028461,68.611110425,"(66.3,69.4]"
"357",2014-06-28,"kW_bills",0.000110961323203673,68.0833326525,"(66.3,69.4]"
"358",2014-06-28,"kW_sim",0.000120255635756369,68.0833326525,"(66.3,69.4]"
"359",2014-06-29,"kW_bills",0.000115084346451892,69.04166597625,"(66.3,69.4]"
"360",2014-06-29,"kW_sim",0.000124582115873866,69.04166597625,"(66.3,69.4]"
"361",2014-06-30,"kW_bills",0.000108975953160804,69.01388819875,"(66.3,69.4]"
"362",2014-06-30,"kW_sim",0.000119967213759767,69.01388819875,"(66.3,69.4]"
"363",2014-07-01,"kW_bills",0.000108540024256807,69.44444375,"(69.4,72.4]"
"364",2014-07-01,"kW_sim",0.000120557963445919,69.44444375,"(69.4,72.4]"
"365",2014-07-02,"kW_bills",0.000109758089359701,70.81944373625,"(69.4,72.4]"
"366",2014-07-02,"kW_sim",0.000125160946676394,70.81944373625,"(69.4,72.4]"
"367",2014-07-03,"kW_bills",0.000113429251361662,72.055554835,"(69.4,72.4]"
"368",2014-07-03,"kW_sim",0.000130044203907925,72.055554835,"(69.4,72.4]"
"369",2014-07-04,"kW_bills",0.000119856158033351,74.12499925875,"(72.4,75.5]"
"370",2014-07-04,"kW_sim",0.000132980883117758,74.12499925875,"(72.4,75.5]"
"371",2014-07-05,"kW_bills",0.000128075661748074,77.09722145125,"(75.5,78.6]"
"372",2014-07-05,"kW_sim",0.000138585513082389,77.09722145125,"(75.5,78.6]"
"373",2014-07-06,"kW_bills",0.000136577676754809,77.5277770025,"(75.5,78.6]"
"374",2014-07-06,"kW_sim",0.000148807121771595,77.5277770025,"(75.5,78.6]"
"375",2014-07-07,"kW_bills",0.000130316700005782,75.44444369,"(72.4,75.5]"
"376",2014-07-07,"kW_sim",0.000137402378287611,75.44444369,"(72.4,75.5]"
"377",2014-07-08,"kW_bills",0.000121795582871413,72.611110385,"(72.4,75.5]"
"378",2014-07-08,"kW_sim",0.000130556735850498,72.611110385,"(72.4,75.5]"
"379",2014-07-09,"kW_bills",0.000121898350649775,71.99999928,"(69.4,72.4]"
"380",2014-07-09,"kW_sim",0.000130268197389591,71.99999928,"(69.4,72.4]"
"381",2014-07-10,"kW_bills",0.000119758945720929,72.77777705,"(72.4,75.5]"
"382",2014-07-10,"kW_sim",0.000132211123160628,72.77777705,"(72.4,75.5]"
"383",2014-07-11,"kW_bills",0.000116422412955722,72.5833326075,"(72.4,75.5]"
"384",2014-07-11,"kW_sim",0.00013439332618674,72.5833326075,"(72.4,75.5]"
"385",2014-07-12,"kW_bills",0.000120288283194902,71.66666595,"(69.4,72.4]"
"386",2014-07-12,"kW_sim",0.000134305068305436,71.66666595,"(69.4,72.4]"
"387",2014-07-13,"kW_bills",0.000123976511988627,71.26388817625,"(69.4,72.4]"
"388",2014-07-13,"kW_sim",0.000135734980519359,71.26388817625,"(69.4,72.4]"
"389",2014-07-14,"kW_bills",0.000115475864994525,70.277777075,"(69.4,72.4]"
"390",2014-07-14,"kW_sim",0.000126615385222804,70.277777075,"(69.4,72.4]"
"391",2014-07-15,"kW_bills",0.000111069279420196,69.34722152875,"(66.3,69.4]"
"392",2014-07-15,"kW_sim",0.000123939239580774,69.34722152875,"(66.3,69.4]"
"393",2014-07-16,"kW_bills",0.000112704771890366,72.04166594625,"(69.4,72.4]"
"394",2014-07-16,"kW_sim",0.000127655419866287,72.04166594625,"(69.4,72.4]"
"395",2014-07-17,"kW_bills",0.000112679046579613,71.6388881725,"(69.4,72.4]"
"396",2014-07-17,"kW_sim",0.000126101231407832,71.6388881725,"(69.4,72.4]"
"397",2014-07-18,"kW_bills",0.000110777025208936,70.9722215125,"(69.4,72.4]"
"398",2014-07-18,"kW_sim",0.00012822320131322,70.9722215125,"(69.4,72.4]"
"399",2014-07-19,"kW_bills",0.000111108568075723,69.98611041125,"(69.4,72.4]"
"400",2014-07-19,"kW_sim",0.000129070884161709,69.98611041125,"(69.4,72.4]"
"401",2014-07-20,"kW_bills",0.000118020985767853,71.93055483625,"(69.4,72.4]"
"402",2014-07-20,"kW_sim",0.000135884480656639,71.93055483625,"(69.4,72.4]"
"403",2014-07-21,"kW_bills",0.000115305130344563,72.59722149625,"(72.4,75.5]"
"404",2014-07-21,"kW_sim",0.000132578454257951,72.59722149625,"(72.4,75.5]"
"405",2014-07-22,"kW_bills",0.000118532789323797,72.79166593875,"(72.4,75.5]"
"406",2014-07-22,"kW_sim",0.000132246217290166,72.79166593875,"(72.4,75.5]"
"407",2014-07-23,"kW_bills",0.000124720944424683,74.944443695,"(72.4,75.5]"
"408",2014-07-23,"kW_sim",0.000136080034209527,74.944443695,"(72.4,75.5]"
"409",2014-07-24,"kW_bills",0.000131224326339232,76.54166590125,"(75.5,78.6]"
"410",2014-07-24,"kW_sim",0.000139226393893708,76.54166590125,"(75.5,78.6]"
"411",2014-07-25,"kW_bills",0.00012637155176615,73.45833259875,"(72.4,75.5]"
"412",2014-07-25,"kW_sim",0.000129441359041774,73.45833259875,"(72.4,75.5]"
"413",2014-07-26,"kW_bills",0.000129914103897429,73.388888155,"(72.4,75.5]"
"414",2014-07-26,"kW_sim",0.000131990741009395,73.388888155,"(72.4,75.5]"
"415",2014-07-27,"kW_bills",0.00013180788382614,74.499999255,"(72.4,75.5]"
"416",2014-07-27,"kW_sim",0.000139850882975416,74.499999255,"(72.4,75.5]"
"417",2014-07-28,"kW_bills",0.000133856232499417,77.722221445,"(75.5,78.6]"
"418",2014-07-28,"kW_sim",0.000139293914709478,77.722221445,"(75.5,78.6]"
"419",2014-07-29,"kW_bills",0.000135265569124865,77.87499922125,"(75.5,78.6]"
"420",2014-07-29,"kW_sim",0.000140697189394681,77.87499922125,"(75.5,78.6]"
"421",2014-07-30,"kW_bills",0.000134416700602356,76.33333257,"(75.5,78.6]"
"422",2014-07-30,"kW_sim",0.000135262997189012,76.33333257,"(75.5,78.6]"
"423",2014-07-31,"kW_bills",0.000135022596734593,75.70833257625,"(75.5,78.6]"
"424",2014-07-31,"kW_sim",0.000136722082190149,75.70833257625,"(75.5,78.6]"
"425",2014-08-01,"kW_bills",0.000128948937617945,74.33333259,"(72.4,75.5]"
"426",2014-08-01,"kW_sim",0.000135996045199215,74.33333259,"(72.4,75.5]"
"427",2014-08-02,"kW_bills",0.000124026327668203,72.31944372125,"(69.4,72.4]"
"428",2014-08-02,"kW_sim",0.00013586034147808,72.31944372125,"(69.4,72.4]"
"429",2014-08-03,"kW_bills",0.000131177380149571,73.9166659275,"(72.4,75.5]"
"430",2014-08-03,"kW_sim",0.000138138164001379,73.9166659275,"(72.4,75.5]"
"431",2014-08-04,"kW_bills",0.000133547078327203,76.26388812625,"(75.5,78.6]"
"432",2014-08-04,"kW_sim",0.000139891190990235,76.26388812625,"(75.5,78.6]"
"433",2014-08-05,"kW_bills",0.000119833102015543,71.93055483625,"(69.4,72.4]"
"434",2014-08-05,"kW_sim",0.00013283607656635,71.93055483625,"(69.4,72.4]"
"435",2014-08-06,"kW_bills",0.00011561763781604,70.54166596125,"(69.4,72.4]"
"436",2014-08-06,"kW_sim",0.000127182255663847,70.54166596125,"(69.4,72.4]"
"437",2014-08-07,"kW_bills",0.00011419275255919,70.66666596,"(69.4,72.4]"
"438",2014-08-07,"kW_sim",0.000126644905122128,70.66666596,"(69.4,72.4]"
"439",2014-08-08,"kW_bills",0.000114153897663767,71.15277706625,"(69.4,72.4]"
"440",2014-08-08,"kW_sim",0.000128551300085483,71.15277706625,"(69.4,72.4]"
"441",2014-08-09,"kW_bills",0.000120890959492525,72.44444372,"(72.4,75.5]"
"442",2014-08-09,"kW_sim",0.000136065128487199,72.44444372,"(72.4,75.5]"
"443",2014-08-10,"kW_bills",0.00012589935384427,72.68055482875,"(72.4,75.5]"
"444",2014-08-10,"kW_sim",0.000140721012184264,72.68055482875,"(72.4,75.5]"
"445",2014-08-11,"kW_bills",0.000124661152262726,73.93055481625,"(72.4,75.5]"
"446",2014-08-11,"kW_sim",0.00013781685983462,73.93055481625,"(72.4,75.5]"
"447",2014-08-12,"kW_bills",0.000123267030607062,73.26388815625,"(72.4,75.5]"
"448",2014-08-12,"kW_sim",0.000132042461385816,73.26388815625,"(72.4,75.5]"
"449",2014-08-13,"kW_bills",0.00012103053014736,73.01388815875,"(72.4,75.5]"
"450",2014-08-13,"kW_sim",0.000131898592470333,73.01388815875,"(72.4,75.5]"
"451",2014-08-14,"kW_bills",0.00012243492858086,74.23611036875,"(72.4,75.5]"
"452",2014-08-14,"kW_sim",0.000134072584000723,74.23611036875,"(72.4,75.5]"
"453",2014-08-15,"kW_bills",0.000126839929262504,76.37499923625,"(75.5,78.6]"
"454",2014-08-15,"kW_sim",0.000138421384888941,76.37499923625,"(75.5,78.6]"
"455",2014-08-16,"kW_bills",0.000134924249972669,77.5277770025,"(75.5,78.6]"
"456",2014-08-16,"kW_sim",0.000144333944454978,77.5277770025,"(75.5,78.6]"
"457",2014-08-17,"kW_bills",0.000140287560187546,76.37499923625,"(75.5,78.6]"
"458",2014-08-17,"kW_sim",0.000145068511754469,76.37499923625,"(75.5,78.6]"
"459",2014-08-18,"kW_bills",0.000128779037122028,73.6388881525,"(72.4,75.5]"
"460",2014-08-18,"kW_sim",0.000130924376014885,73.6388881525,"(72.4,75.5]"
"461",2014-08-19,"kW_bills",0.000117269513071656,71.1388881775,"(69.4,72.4]"
"462",2014-08-19,"kW_sim",0.00012759645879049,71.1388881775,"(69.4,72.4]"
"463",2014-08-20,"kW_bills",0.000113798097597348,71.5833326175,"(69.4,72.4]"
"464",2014-08-20,"kW_sim",0.000128924398514781,71.5833326175,"(69.4,72.4]"
"465",2014-08-21,"kW_bills",0.000115800050622634,73.055554825,"(72.4,75.5]"
"466",2014-08-21,"kW_sim",0.000133262418651855,73.055554825,"(72.4,75.5]"
"467",2014-08-22,"kW_bills",0.000118418627001177,73.37499926625,"(72.4,75.5]"
"468",2014-08-22,"kW_sim",0.000131959111328416,73.37499926625,"(72.4,75.5]"
"469",2014-08-23,"kW_bills",0.000118118381594165,71.55555484,"(69.4,72.4]"
"470",2014-08-23,"kW_sim",0.000135680747065545,71.55555484,"(69.4,72.4]"
"471",2014-08-24,"kW_bills",0.000120117331664889,71.2499992875,"(69.4,72.4]"
"472",2014-08-24,"kW_sim",0.000136668982474431,71.2499992875,"(69.4,72.4]"
"473",2014-08-25,"kW_bills",0.000117637508470215,73.6388881525,"(72.4,75.5]"
"474",2014-08-25,"kW_sim",0.00013594103628834,73.6388881525,"(72.4,75.5]"
"475",2014-08-26,"kW_bills",0.000120272117289507,74.40277703375,"(72.4,75.5]"
"476",2014-08-26,"kW_sim",0.000138467390223523,74.40277703375,"(72.4,75.5]"
"477",2014-08-27,"kW_bills",0.000125990393416758,78.62499921375,"(78.6,81.6]"
"478",2014-08-27,"kW_sim",0.000144265346420343,78.62499921375,"(78.6,81.6]"
"479",2014-08-28,"kW_bills",0.00013079568794159,79.04166587625,"(78.6,81.6]"
"480",2014-08-28,"kW_sim",0.000144935852668503,79.04166587625,"(78.6,81.6]"
"481",2014-08-29,"kW_bills",0.000127976097121245,74.3055548125,"(72.4,75.5]"
"482",2014-08-29,"kW_sim",0.000130955536241597,74.3055548125,"(72.4,75.5]"
"483",2014-08-30,"kW_bills",0.000130229664372711,73.4722214875,"(72.4,75.5]"
"484",2014-08-30,"kW_sim",0.000135715121197656,73.4722214875,"(72.4,75.5]"
"485",2014-08-31,"kW_bills",0.000133243763233304,74.1388881475,"(72.4,75.5]"
"486",2014-08-31,"kW_sim",0.00014123730509809,74.1388881475,"(72.4,75.5]"
"487",2014-09-01,"kW_bills",0.000130799424951712,71.8055548375,"(69.4,72.4]"
"488",2014-09-01,"kW_sim",0.000129251158464413,71.8055548375,"(69.4,72.4]"
"489",2014-09-02,"kW_bills",0.000121388048571113,73.43055482125,"(72.4,75.5]"
"490",2014-09-02,"kW_sim",0.000124877112831354,73.43055482125,"(72.4,75.5]"
"491",2014-09-03,"kW_bills",0.00012058142160945,73.5833325975,"(72.4,75.5]"
"492",2014-09-03,"kW_sim",0.000123746041876353,73.5833325975,"(72.4,75.5]"
"493",2014-09-04,"kW_bills",0.00011644620302909,72.5833326075,"(72.4,75.5]"
"494",2014-09-04,"kW_sim",0.000119532273692667,72.5833326075,"(72.4,75.5]"
"495",2014-09-05,"kW_bills",0.000115008571898431,72.62499927375,"(72.4,75.5]"
"496",2014-09-05,"kW_sim",0.000121780140211564,72.62499927375,"(72.4,75.5]"
"497",2014-09-06,"kW_bills",0.000136593058555402,76.37499923625,"(75.5,78.6]"
"498",2014-09-06,"kW_sim",0.00013356142395778,76.37499923625,"(75.5,78.6]"
"499",2014-09-07,"kW_bills",0.00015291461709529,79.8055547575,"(78.6,81.6]"
"500",2014-09-07,"kW_sim",0.00014032243248112,79.8055547575,"(78.6,81.6]"
"501",2014-09-08,"kW_bills",0.000142936883484194,80.62499919375,"(78.6,81.6]"
"502",2014-09-08,"kW_sim",0.000137032150723883,80.62499919375,"(78.6,81.6]"
"503",2014-09-09,"kW_bills",0.000138720001222814,78.56944365875,"(78.6,81.6]"
"504",2014-09-09,"kW_sim",0.000133881614616188,78.56944365875,"(78.6,81.6]"
"505",2014-09-10,"kW_bills",0.000128828135429126,76.33333257,"(75.5,78.6]"
"506",2014-09-10,"kW_sim",0.000128693454878248,76.33333257,"(75.5,78.6]"
"507",2014-09-11,"kW_bills",0.000132430446356199,77.62499922375,"(75.5,78.6]"
"508",2014-09-11,"kW_sim",0.000128864121938994,77.62499922375,"(75.5,78.6]"
"509",2014-09-12,"kW_bills",0.000135137176134235,77.66666589,"(75.5,78.6]"
"510",2014-09-12,"kW_sim",0.000132725971399075,77.66666589,"(75.5,78.6]"
"511",2014-09-13,"kW_bills",0.000150362939871168,79.01388809875,"(78.6,81.6]"
"512",2014-09-13,"kW_sim",0.00013771280480764,79.01388809875,"(78.6,81.6]"
"513",2014-09-14,"kW_bills",0.000172527847595837,81.44444363,"(78.6,81.6]"
"514",2014-09-14,"kW_sim",0.000141410447142718,81.44444363,"(78.6,81.6]"
"515",2014-09-15,"kW_bills",0.000163308660307241,82.31944362125,"(81.6,84.7]"
"516",2014-09-15,"kW_sim",0.000139210182480281,82.31944362125,"(81.6,84.7]"
"517",2014-09-16,"kW_bills",0.000174025454402343,84.6944435975,"(81.6,84.7]"
"518",2014-09-16,"kW_sim",0.000144397490968482,84.6944435975,"(81.6,84.7]"
"519",2014-09-17,"kW_bills",0.000172733466567968,82.1388880675,"(81.6,84.7]"
"520",2014-09-17,"kW_sim",0.000139974395459739,82.1388880675,"(81.6,84.7]"
"521",2014-09-18,"kW_bills",0.000135218973279903,74.76388814125,"(72.4,75.5]"
"522",2014-09-18,"kW_sim",0.000125231430674164,74.76388814125,"(72.4,75.5]"
"523",2014-09-19,"kW_bills",0.000122880049862435,72.99999927,"(72.4,75.5]"
"524",2014-09-19,"kW_sim",0.000121532683697387,72.99999927,"(72.4,75.5]"
"525",2014-09-20,"kW_bills",0.000122363074551411,72.3055548325,"(69.4,72.4]"
"526",2014-09-20,"kW_sim",0.000123436477273355,72.3055548325,"(69.4,72.4]"
"527",2014-09-21,"kW_bills",0.000123257471201705,72.09722150125,"(69.4,72.4]"
"528",2014-09-21,"kW_sim",0.000123075528049825,72.09722150125,"(69.4,72.4]"
"529",2014-09-22,"kW_bills",0.00011678371843884,71.66666595,"(69.4,72.4]"
"530",2014-09-22,"kW_sim",0.000117180310519397,71.66666595,"(69.4,72.4]"
"531",2014-09-23,"kW_bills",0.000116800284738176,72.26388816625,"(69.4,72.4]"
"532",2014-09-23,"kW_sim",0.000119923213294145,72.26388816625,"(69.4,72.4]"
"533",2014-09-24,"kW_bills",0.000122248712031821,75.6944436875,"(75.5,78.6]"
"534",2014-09-24,"kW_sim",0.000124772411422485,75.6944436875,"(75.5,78.6]"
"535",2014-09-25,"kW_bills",0.000126032968639223,76.68055478875,"(75.5,78.6]"
"536",2014-09-25,"kW_sim",0.00012784675628248,76.68055478875,"(75.5,78.6]"
"537",2014-09-26,"kW_bills",0.000121733905521314,73.65277704125,"(72.4,75.5]"
"538",2014-09-26,"kW_sim",0.000121265276329895,73.65277704125,"(72.4,75.5]"
"539",2014-09-27,"kW_bills",0.000115670456450179,68.6944437575,"(66.3,69.4]"
"540",2014-09-27,"kW_sim",0.000115644513653838,68.6944437575,"(66.3,69.4]"
"541",2014-09-28,"kW_bills",0.000113454926623172,68.26388820625,"(66.3,69.4]"
"542",2014-09-28,"kW_sim",0.000120471659061743,68.26388820625,"(66.3,69.4]"
"543",2014-09-29,"kW_bills",0.000107306877648777,68.55555487,"(66.3,69.4]"
"544",2014-09-29,"kW_sim",0.000112922518161454,68.55555487,"(66.3,69.4]"
"545",2014-09-30,"kW_bills",0.000108849011598213,70.90277706875,"(69.4,72.4]"
"546",2014-09-30,"kW_sim",0.00012934394414412,70.90277706875,"(69.4,72.4]"
"547",2014-10-01,"kW_bills",0.000109961356017424,70.4166659625,"(69.4,72.4]"
"548",2014-10-01,"kW_sim",0.00011050118278941,70.4166659625,"(69.4,72.4]"
"549",2014-10-02,"kW_bills",0.000119519209848352,76.833332565,"(75.5,78.6]"
"550",2014-10-02,"kW_sim",0.000132541273641669,76.833332565,"(75.5,78.6]"
"551",2014-10-03,"kW_bills",0.000122253616857606,78.6388881025,"(78.6,81.6]"
"552",2014-10-03,"kW_sim",0.000137931465025717,78.6388881025,"(78.6,81.6]"
"553",2014-10-04,"kW_bills",0.000132433399261519,76.833332565,"(75.5,78.6]"
"554",2014-10-04,"kW_sim",0.000134434958920119,76.833332565,"(75.5,78.6]"
"555",2014-10-05,"kW_bills",0.000133357558528144,75.6944436875,"(75.5,78.6]"
"556",2014-10-05,"kW_sim",0.000135728803879441,75.6944436875,"(75.5,78.6]"
"557",2014-10-06,"kW_bills",0.000118914414799455,75.70833257625,"(75.5,78.6]"
"558",2014-10-06,"kW_sim",0.000128539228383055,75.70833257625,"(75.5,78.6]"
"559",2014-10-07,"kW_bills",0.000116672208726084,76.43055479125,"(75.5,78.6]"
"560",2014-10-07,"kW_sim",0.000128809964156637,76.43055479125,"(75.5,78.6]"
"561",2014-10-08,"kW_bills",0.000114226152087158,71.5833326175,"(69.4,72.4]"
"562",2014-10-08,"kW_sim",0.00011987569943793,71.5833326175,"(69.4,72.4]"
"563",2014-10-09,"kW_bills",0.000114596516483206,70.8055548475,"(69.4,72.4]"
"564",2014-10-09,"kW_sim",0.000115764863149252,70.8055548475,"(69.4,72.4]"
"565",2014-10-10,"kW_bills",0.000111493246555186,68.8055548675,"(66.3,69.4]"
"566",2014-10-10,"kW_sim",0.000114730403932824,68.8055548675,"(66.3,69.4]"
"567",2014-10-11,"kW_bills",0.000119138034815879,70.37499929625,"(69.4,72.4]"
"568",2014-10-11,"kW_sim",0.00011715845348002,70.37499929625,"(69.4,72.4]"
"569",2014-10-12,"kW_bills",0.000120337998775993,68.77777709,"(66.3,69.4]"
"570",2014-10-12,"kW_sim",0.000121773909863088,68.77777709,"(66.3,69.4]"
"571",2014-10-13,"kW_bills",0.000111861191904503,67.9166659875,"(66.3,69.4]"
"572",2014-10-13,"kW_sim",0.000118297388498475,67.9166659875,"(66.3,69.4]"
"573",2014-10-14,"kW_bills",0.000109606590302021,69.0277770875,"(66.3,69.4]"
"574",2014-10-14,"kW_sim",0.000117651400914407,69.0277770875,"(66.3,69.4]"
"575",2014-10-15,"kW_bills",0.000108167507743323,69.88888819,"(69.4,72.4]"
"576",2014-10-15,"kW_sim",0.000115476227401631,69.88888819,"(69.4,72.4]"
"577",2014-10-16,"kW_bills",0.000106420388778831,69.12499930875,"(66.3,69.4]"
"578",2014-10-16,"kW_sim",0.000113959033454916,69.12499930875,"(66.3,69.4]"
"579",2014-10-17,"kW_bills",0.000108591791856849,69.09722153125,"(66.3,69.4]"
"580",2014-10-17,"kW_sim",0.000111784661463397,69.09722153125,"(66.3,69.4]"
"581",2014-10-18,"kW_bills",0.000111054998702943,67.7777771,"(66.3,69.4]"
"582",2014-10-18,"kW_sim",0.000112730056885253,67.7777771,"(66.3,69.4]"
"583",2014-10-19,"kW_bills",0.000113228754095369,67.6944437675,"(66.3,69.4]"
"584",2014-10-19,"kW_sim",0.0001157737000707,67.6944437675,"(66.3,69.4]"
"585",2014-10-20,"kW_bills",0.000109219709655879,68.055554875,"(66.3,69.4]"
"586",2014-10-20,"kW_sim",0.00011282953066597,68.055554875,"(66.3,69.4]"
"587",2014-10-21,"kW_bills",0.000108521439304681,69.722221525,"(69.4,72.4]"
"588",2014-10-21,"kW_sim",0.00011300300721148,69.722221525,"(69.4,72.4]"
"589",2014-10-22,"kW_bills",0.000106929673189559,68.6388882025,"(66.3,69.4]"
"590",2014-10-22,"kW_sim",0.000117513946343529,68.6388882025,"(66.3,69.4]"
"591",2014-10-23,"kW_bills",0.000106716129754,69.29166597375,"(66.3,69.4]"
"592",2014-10-23,"kW_sim",0.000114318796304737,69.29166597375,"(66.3,69.4]"
"593",2014-10-24,"kW_bills",0.000107927121230591,73.22222149,"(72.4,75.5]"
"594",2014-10-24,"kW_sim",0.000119905332798383,73.22222149,"(72.4,75.5]"
"595",2014-10-25,"kW_bills",0.000114588608702858,69.722221525,"(69.4,72.4]"
"596",2014-10-25,"kW_sim",0.000113296024593761,69.722221525,"(69.4,72.4]"
"597",2014-10-26,"kW_bills",0.000114620490070464,66.48611044625,"(66.3,69.4]"
"598",2014-10-26,"kW_sim",0.000112612948997324,66.48611044625,"(66.3,69.4]"
"599",2014-10-27,"kW_bills",0.000104260997519063,64.4444438,"(63.2,66.3]"
"600",2014-10-27,"kW_sim",0.00011040572704708,64.4444438,"(63.2,66.3]"
"601",2014-10-28,"kW_bills",0.000103338122849668,66.23611044875,"(63.2,66.3]"
"602",2014-10-28,"kW_sim",0.000121539476013856,66.23611044875,"(63.2,66.3]"
"603",2014-10-29,"kW_bills",0.000105991049691791,68.01388820875,"(66.3,69.4]"
"604",2014-10-29,"kW_sim",0.000113306314495222,68.01388820875,"(66.3,69.4]"
"605",2014-10-30,"kW_bills",0.000105851028593772,66.499999335,"(66.3,69.4]"
"606",2014-10-30,"kW_sim",0.000112656734143716,66.499999335,"(66.3,69.4]"
"607",2014-10-31,"kW_bills",0.000107168908569709,67.84722154375,"(66.3,69.4]"
"608",2014-10-31,"kW_sim",0.000106521947193156,67.84722154375,"(66.3,69.4]"
"609",2014-11-01,"kW_bills",0.000108072247351366,64.0833326925,"(63.2,66.3]"
"610",2014-11-01,"kW_sim",0.000105151100994539,64.0833326925,"(63.2,66.3]"
"611",2014-11-02,"kW_bills",0.000111105731951969,60.22222162,"(60.1,63.2]"
"612",2014-11-02,"kW_sim",0.000105386631745026,60.22222162,"(60.1,63.2]"
"613",2014-11-03,"kW_bills",0.000104093499386796,61.1111105,"(60.1,63.2]"
"614",2014-11-03,"kW_sim",0.000102302630639663,61.1111105,"(60.1,63.2]"
"615",2014-11-04,"kW_bills",0.000105946038739514,62.8611104825,"(60.1,63.2]"
"616",2014-11-04,"kW_sim",0.000106814758353023,62.8611104825,"(60.1,63.2]"
"617",2014-11-05,"kW_bills",0.000105926836513395,67.833332655,"(66.3,69.4]"
"618",2014-11-05,"kW_sim",0.000116241002291711,67.833332655,"(66.3,69.4]"
"619",2014-11-06,"kW_bills",0.000105499182417526,70.81944373625,"(69.4,72.4]"
"620",2014-11-06,"kW_sim",0.00011549188197216,70.81944373625,"(69.4,72.4]"
"621",2014-11-07,"kW_bills",0.000105773418901411,70.76388818125,"(69.4,72.4]"
"622",2014-11-07,"kW_sim",0.000113842928370805,70.76388818125,"(69.4,72.4]"
"623",2014-11-08,"kW_bills",0.00011112329923616,68.90277708875,"(66.3,69.4]"
"624",2014-11-08,"kW_sim",0.000114815770792964,68.90277708875,"(66.3,69.4]"
"625",2014-11-09,"kW_bills",0.000113277618839334,64.055554915,"(63.2,66.3]"
"626",2014-11-09,"kW_sim",0.000107336672925435,64.055554915,"(63.2,66.3]"
"627",2014-11-10,"kW_bills",0.000107949409826677,64.37499935625,"(63.2,66.3]"
"628",2014-11-10,"kW_sim",0.000101429679415404,64.37499935625,"(63.2,66.3]"
"629",2014-11-11,"kW_bills",0.000109600734540624,65.43055490125,"(63.2,66.3]"
"630",2014-11-11,"kW_sim",0.000103125948338381,65.43055490125,"(63.2,66.3]"
"631",2014-11-12,"kW_bills",0.000106166422238244,64.65277713125,"(63.2,66.3]"
"632",2014-11-12,"kW_sim",0.000113551211872754,64.65277713125,"(63.2,66.3]"
"633",2014-11-13,"kW_bills",0.000105583215096035,63.7499993625,"(63.2,66.3]"
"634",2014-11-13,"kW_sim",0.000100675986300069,63.7499993625,"(63.2,66.3]"
"635",2014-11-14,"kW_bills",0.000105421272429709,64.09722158125,"(63.2,66.3]"
"636",2014-11-14,"kW_sim",9.9857180847089e-05,64.09722158125,"(63.2,66.3]"
"637",2014-11-15,"kW_bills",0.00011013991503233,62.84722159375,"(60.1,63.2]"
"638",2014-11-15,"kW_sim",0.000100994077866148,62.84722159375,"(60.1,63.2]"
"639",2014-11-16,"kW_bills",0.000111105898782778,63.0833327025,"(60.1,63.2]"
"640",2014-11-16,"kW_sim",0.000103491760846241,63.0833327025,"(60.1,63.2]"
"641",2014-11-17,"kW_bills",0.000107013071910993,59.6388882925,"(57.1,60.1]"
"642",2014-11-17,"kW_sim",0.000101187328753242,59.6388882925,"(57.1,60.1]"
"643",2014-11-18,"kW_bills",0.000107203192300964,60.40277717375,"(60.1,63.2]"
"644",2014-11-18,"kW_sim",0.000102909416264049,60.40277717375,"(60.1,63.2]"
"645",2014-11-19,"kW_bills",0.000107158882038086,59.06944385375,"(57.1,60.1]"
"646",2014-11-19,"kW_sim",0.000102494046675943,59.06944385375,"(57.1,60.1]"
"647",2014-11-20,"kW_bills",0.000107338909164111,59.6944438475,"(57.1,60.1]"
"648",2014-11-20,"kW_sim",0.000100145974848716,59.6944438475,"(57.1,60.1]"
"649",2014-11-21,"kW_bills",0.00010604478589538,62.70833270625,"(60.1,63.2]"
"650",2014-11-21,"kW_sim",9.82592338247065e-05,62.70833270625,"(60.1,63.2]"
"651",2014-11-22,"kW_bills",0.000111352808380144,60.6944438375,"(60.1,63.2]"
"652",2014-11-22,"kW_sim",0.000102746136767843,60.6944438375,"(60.1,63.2]"
"653",2014-11-23,"kW_bills",0.000114941088836178,61.56944382875,"(60.1,63.2]"
"654",2014-11-23,"kW_sim",0.000103256609438507,61.56944382875,"(60.1,63.2]"
"655",2014-11-24,"kW_bills",0.000110110602859183,62.55555493,"(60.1,63.2]"
"656",2014-11-24,"kW_sim",0.000104729311743741,62.55555493,"(60.1,63.2]"
"657",2014-11-25,"kW_bills",0.000110374779445283,62.15277715625,"(60.1,63.2]"
"658",2014-11-25,"kW_sim",0.000105743880801211,62.15277715625,"(60.1,63.2]"
"659",2014-11-26,"kW_bills",0.00011016467272439,65.43055490125,"(63.2,66.3]"
"660",2014-11-26,"kW_sim",0.000107243184934583,65.43055490125,"(63.2,66.3]"
"661",2014-11-27,"kW_bills",0.000117441448903443,66.90277710875,"(66.3,69.4]"
"662",2014-11-27,"kW_sim",0.000109444458355098,66.90277710875,"(66.3,69.4]"
"663",2014-11-28,"kW_bills",0.000110541059712644,63.44444381,"(63.2,66.3]"
"664",2014-11-28,"kW_sim",0.000105663078248962,63.44444381,"(63.2,66.3]"
"665",2014-11-29,"kW_bills",0.000111177352418286,59.44444385,"(57.1,60.1]"
"666",2014-11-29,"kW_sim",0.000103509183004469,59.44444385,"(57.1,60.1]"
"667",2014-11-30,"kW_bills",0.000115983931540347,62.3611104875,"(60.1,63.2]"
"668",2014-11-30,"kW_sim",0.000102455557777651,62.3611104875,"(60.1,63.2]"
"669",2014-12-01,"kW_bills",0.000111209817693724,61.2499993875,"(60.1,63.2]"
"670",2014-12-01,"kW_sim",9.92012629828922e-05,61.2499993875,"(60.1,63.2]"
"671",2014-12-02,"kW_bills",0.000117699586214256,63.055554925,"(60.1,63.2]"
"672",2014-12-02,"kW_sim",9.84760311990581e-05,63.055554925,"(60.1,63.2]"
"673",2014-12-03,"kW_bills",0.000114334175036005,64.055554915,"(63.2,66.3]"
"674",2014-12-03,"kW_sim",9.88321412846189e-05,64.055554915,"(63.2,66.3]"
"675",2014-12-04,"kW_bills",0.000110729545160686,64.40277713375,"(63.2,66.3]"
"676",2014-12-04,"kW_sim",9.88618090010721e-05,64.40277713375,"(63.2,66.3]"
"677",2014-12-05,"kW_bills",0.000110757756250493,60.77777717,"(60.1,63.2]"
"678",2014-12-05,"kW_sim",9.83480675894398e-05,60.77777717,"(60.1,63.2]"
"679",2014-12-06,"kW_bills",0.000114668720857354,62.944443815,"(60.1,63.2]"
"680",2014-12-06,"kW_sim",0.000103101711654732,62.944443815,"(60.1,63.2]"
"681",2014-12-07,"kW_bills",0.000119128775705978,63.48611047625,"(63.2,66.3]"
"682",2014-12-07,"kW_sim",0.000106665236584763,63.48611047625,"(63.2,66.3]"
"683",2014-12-08,"kW_bills",0.000112827559365812,63.54166603125,"(63.2,66.3]"
"684",2014-12-08,"kW_sim",9.99516463976179e-05,63.54166603125,"(63.2,66.3]"
"685",2014-12-09,"kW_bills",0.000112815931258423,61.99999938,"(60.1,63.2]"
"686",2014-12-09,"kW_sim",0.00010022524503628,61.99999938,"(60.1,63.2]"
"687",2014-12-10,"kW_bills",0.000113927324742023,59.84722162375,"(57.1,60.1]"
"688",2014-12-10,"kW_sim",9.86878359520874e-05,59.84722162375,"(57.1,60.1]"
"689",2014-12-11,"kW_bills",0.000114601855069095,62.62499937375,"(60.1,63.2]"
"690",2014-12-11,"kW_sim",9.78518133324182e-05,62.62499937375,"(60.1,63.2]"
"691",2014-12-12,"kW_bills",0.000123612987655749,59.18055496375,"(57.1,60.1]"
"692",2014-12-12,"kW_sim",9.82393838472175e-05,59.18055496375,"(57.1,60.1]"
"693",2014-12-13,"kW_bills",0.000124575234396075,56.20833277125,"(54,57.1]"
"694",2014-12-13,"kW_sim",0.000104668844114374,56.20833277125,"(54,57.1]"
"695",2014-12-14,"kW_bills",0.000130544474109351,54.4444439,"(54,57.1]"
"696",2014-12-14,"kW_sim",0.000108092383481219,54.4444439,"(54,57.1]"
"697",2014-12-15,"kW_bills",0.000125483828348218,55.499999445,"(54,57.1]"
"698",2014-12-15,"kW_sim",0.000101879174335541,55.499999445,"(54,57.1]"
"699",2014-12-16,"kW_bills",0.000131191544085257,55.166666115,"(54,57.1]"
"700",2014-12-16,"kW_sim",9.8909885967612e-05,55.166666115,"(54,57.1]"
"701",2014-12-17,"kW_bills",0.000122672262089787,57.79166608875,"(57.1,60.1]"
"702",2014-12-17,"kW_sim",9.81408947771482e-05,57.79166608875,"(57.1,60.1]"
"703",2014-12-18,"kW_bills",0.00012154336805432,56.48611054625,"(54,57.1]"
"704",2014-12-18,"kW_sim",9.91091016107441e-05,56.48611054625,"(54,57.1]"
"705",2014-12-19,"kW_bills",0.000121820824372819,56.4166661025,"(54,57.1]"
"706",2014-12-19,"kW_sim",0.000100138161275929,56.4166661025,"(54,57.1]"
"707",2014-12-20,"kW_bills",0.00012891116712278,56.55555499,"(54,57.1]"
"708",2014-12-20,"kW_sim",0.000103954749341255,56.55555499,"(54,57.1]"
"709",2014-12-21,"kW_bills",0.000124813435425209,59.1388882975,"(57.1,60.1]"
"710",2014-12-21,"kW_sim",0.000104393887615147,59.1388882975,"(57.1,60.1]"
"711",2014-12-22,"kW_bills",0.000121048664656302,59.93055495625,"(57.1,60.1]"
"712",2014-12-22,"kW_sim",9.94805447535519e-05,59.93055495625,"(57.1,60.1]"
"713",2014-12-23,"kW_bills",0.000118821990531252,63.3611104775,"(63.2,66.3]"
"714",2014-12-23,"kW_sim",0.000104072324734962,63.3611104775,"(63.2,66.3]"
"715",2014-12-24,"kW_bills",0.00012034994386192,60.73611050375,"(60.1,63.2]"
"716",2014-12-24,"kW_sim",9.97771275609828e-05,60.73611050375,"(60.1,63.2]"
"717",2014-12-25,"kW_bills",0.000121397874905765,58.59722163625,"(57.1,60.1]"
"718",2014-12-25,"kW_sim",0.000101435073231415,58.59722163625,"(57.1,60.1]"
"719",2014-12-26,"kW_bills",0.000124413458560559,51.06944393375,"(50.9,54]"
"720",2014-12-26,"kW_sim",0.00011329649719344,51.06944393375,"(50.9,54]"
"721",2014-12-27,"kW_bills",0.000135802747646862,49.51388839375,"(47.9,50.9]"
"722",2014-12-27,"kW_sim",0.000109419389444939,49.51388839375,"(47.9,50.9]"
"723",2014-12-28,"kW_bills",0.000144137147739765,48.68055506875,"(47.9,50.9]"
"724",2014-12-28,"kW_sim",0.000112197454941461,48.68055506875,"(47.9,50.9]"
"725",2014-12-29,"kW_bills",0.000135246500363393,51.23611059875,"(50.9,54]"
"726",2014-12-29,"kW_sim",0.000103712201860238,51.23611059875,"(50.9,54]"
"727",2014-12-30,"kW_bills",0.000139477946954401,52.09722170125,"(50.9,54]"
"728",2014-12-30,"kW_sim",0.000111873787395959,52.09722170125,"(50.9,54]"
"729",2014-12-31,"kW_bills",0.000152618308895371,46.01388842875,"(44.8,47.9]"
"730",2014-12-31,"kW_sim",0.000108647375811714,46.01388842875,"(44.8,47.9]"
"731",2015-01-01,"kW_bills",0.000162649628562328,38.66666628,"(38.6,41.7]"
"732",2015-01-01,"kW_sim",0.000113911990881817,38.66666628,"(38.6,41.7]"
